{"_wandb":{"runtime":8346},"_step":299,"train/epoch":59,"_runtime":8346.017057985,"train/step":90,"test/epoch":59,"test/loss":2.092525896573231e+23,"train/loss":0.019943073391914368,"_timestamp":1.7488391305587559e+09}