{"_wandb":{"runtime":138},"train/loss":0.05031534656882286,"train/epoch":0,"train/step":90,"_timestamp":1.7488294309608269e+09,"_runtime":103.613145765,"_step":3}