{"train/epoch":44,"train/step":90,"test/loss":0.021557453833520413,"_wandb":{"runtime":6830},"_timestamp":1.7486686743673208e+09,"_runtime":6830.196485745,"_step":224,"train/loss":0.019823964685201645,"test/epoch":44}