{"_step":3,"train/loss":0.05395687744021416,"train/epoch":0,"_wandb":{"runtime":134},"train/step":90,"_timestamp":1.7488297851797945e+09,"_runtime":100.058728673}