{"_step":3,"train/loss":0.049455732107162476,"train/epoch":0,"_wandb":{"runtime":127},"train/step":90,"_timestamp":1.7488284179620116e+09,"_runtime":97.774344292}