{"train/loss":0.04572136327624321,"train/epoch":0,"_wandb":{"runtime":130},"train/step":90,"_timestamp":1.7488292565277514e+09,"_runtime":97.690612704,"_step":3}