{"_runtime":34.019835038,"_wandb":{"runtime":43},"_step":1,"train/loss":0.11119650304317474,"train/epoch":0,"train/step":30,"_timestamp":1.7486617753431394e+09}