{"_wandb":{"runtime":6356},"_timestamp":1.7486786917858589e+09,"train/loss":0.022093813866376877,"test/loss":0.020812995731830597,"test/epoch":44,"_step":224,"_runtime":6355.121173105,"train/epoch":44,"train/step":90}