{"train/epoch":44,"train/step":90,"_wandb":{"runtime":6275},"test/loss":0.020718939788639545,"train/loss":0.020489808171987534,"_runtime":6274.163860848,"_timestamp":1.748793525898576e+09,"test/epoch":44,"_step":224}